a,b,cat_a,cat_b,pair_type,incremental_LR,rank
Attr2,Attr18,leverage,profitability,leverage+profitability,80.4,1
Attr2,Attr7,leverage,profitability,leverage+profitability,80.4,2
Attr2,Attr1,leverage,profitability,leverage+profitability,75.6,3
Attr2,Attr17,leverage,leverage,leverage+leverage,75.4,4
Attr2,Attr36,leverage,activity,activity+leverage,75.0,5
Attr2,Attr50,leverage,liquidity,leverage+liquidity,75.0,6
Attr2,Attr60,leverage,activity,activity+leverage,74.8,7
Attr2,Attr4,leverage,liquidity,leverage+liquidity,74.8,8
Attr2,Attr10,leverage,leverage,leverage+leverage,74.7,9
Attr2,Attr9,leverage,activity,activity+leverage,74.6,10
Attr2,Attr46,leverage,liquidity,leverage+liquidity,74.3,11
Attr10,Attr1,leverage,profitability,leverage+profitability,66.0,12
Attr10,Attr18,leverage,profitability,leverage+profitability,52.6,13
Attr10,Attr7,leverage,profitability,leverage+profitability,52.5,14
Attr10,Attr36,leverage,activity,activity+leverage,29.4,15
Attr10,Attr9,leverage,activity,activity+leverage,22.5,16
Attr10,Attr17,leverage,leverage,leverage+leverage,21.9,17
Attr10,Attr60,leverage,activity,activity+leverage,21.5,18
Attr17,Attr1,leverage,profitability,leverage+profitability,21.1,19
Attr1,Attr36,profitability,activity,activity+profitability,21.1,20
Attr1,Attr60,profitability,activity,activity+profitability,20.9,21
Attr1,Attr9,profitability,activity,activity+profitability,20.3,22
Attr10,Attr4,leverage,liquidity,leverage+liquidity,20.0,23
Attr1,Attr46,profitability,liquidity,liquidity+profitability,19.7,24
Attr1,Attr50,profitability,liquidity,liquidity+profitability,19.6,25
Attr1,Attr4,profitability,liquidity,liquidity+profitability,19.6,26
Attr10,Attr46,leverage,liquidity,leverage+liquidity,19.0,27
Attr1,Attr18,profitability,profitability,profitability+profitability,17.5,28
Attr1,Attr7,profitability,profitability,profitability+profitability,17.5,29
Attr10,Attr50,leverage,liquidity,leverage+liquidity,17.4,30
Attr7,Attr36,profitability,activity,activity+profitability,15.8,31
Attr18,Attr36,profitability,activity,activity+profitability,15.8,32
Attr7,Attr18,profitability,profitability,profitability+profitability,15.4,33
Attr17,Attr18,leverage,profitability,leverage+profitability,15.2,34
Attr17,Attr7,leverage,profitability,leverage+profitability,15.2,35
Attr18,Attr9,profitability,activity,activity+profitability,15.0,36
Attr7,Attr9,profitability,activity,activity+profitability,15.0,37
Attr7,Attr60,profitability,activity,activity+profitability,14.7,38
Attr18,Attr60,profitability,activity,activity+profitability,14.7,39
Attr18,Attr4,profitability,liquidity,liquidity+profitability,13.2,40
Attr7,Attr4,profitability,liquidity,liquidity+profitability,13.1,41
Attr18,Attr46,profitability,liquidity,liquidity+profitability,13.0,42
Attr18,Attr50,profitability,liquidity,liquidity+profitability,12.9,43
Attr7,Attr46,profitability,liquidity,liquidity+profitability,12.9,44
Attr7,Attr50,profitability,liquidity,liquidity+profitability,12.9,45
Attr9,Attr36,activity,activity,activity+activity,11.6,46
Attr50,Attr36,liquidity,activity,activity+liquidity,6.0,47
Attr4,Attr50,liquidity,liquidity,liquidity+liquidity,5.1,48
Attr46,Attr50,liquidity,liquidity,liquidity+liquidity,4.0,49
Attr50,Attr60,liquidity,activity,activity+liquidity,4.0,50
Attr4,Attr36,liquidity,activity,activity+liquidity,3.7,51
Attr46,Attr36,liquidity,activity,activity+liquidity,3.0,52
Attr50,Attr9,liquidity,activity,activity+liquidity,2.4,53
Attr4,Attr60,liquidity,activity,activity+liquidity,2.3,54
Attr46,Attr60,liquidity,activity,activity+liquidity,2.0,55
Attr4,Attr46,liquidity,liquidity,liquidity+liquidity,1.5,56
Attr17,Attr50,leverage,liquidity,leverage+liquidity,1.4,57
Attr4,Attr9,liquidity,activity,activity+liquidity,1.1,58
Attr46,Attr9,liquidity,activity,activity+liquidity,1.0,59
Attr36,Attr60,activity,activity,activity+activity,0.6,60
Attr17,Attr46,leverage,liquidity,leverage+liquidity,0.5,61
Attr17,Attr4,leverage,liquidity,leverage+liquidity,0.3,62
Attr17,Attr9,leverage,activity,activity+leverage,0.2,63
Attr17,Attr60,leverage,activity,activity+leverage,0.0,64
Attr17,Attr36,leverage,activity,activity+leverage,0.0,65
Attr9,Attr60,activity,activity,activity+activity,0.0,66
